SET NAMES UTF8;
SET AUTODDL OFF;

DELETE FROM Municipio;
DELETE FROM Departamento;
DELETE FROM Region;
DELETE FROM Area_Geografica;
DELETE FROM Pais;
COMMIT;
INSERT INTO Pais(id_pais, nombre_pais, codigo_iso) VALUES (1, 'Guatemala', 'GTM');
INSERT INTO Area_Geografica(id_area_geo, nombre_area) VALUES (1, 'Urbana');
INSERT INTO Area_Geografica(id_area_geo, nombre_area) VALUES (2, 'Rural');
INSERT INTO Area_Geografica(id_area_geo, nombre_area) VALUES (3, 'Periurbana');
INSERT INTO Region(id_region, id_pais, nombre_region, codigo_region) VALUES (1, 1, 'Metropolitana', 'I');
INSERT INTO Region(id_region, id_pais, nombre_region, codigo_region) VALUES (2, 1, 'Norte', 'II');
INSERT INTO Region(id_region, id_pais, nombre_region, codigo_region) VALUES (3, 1, 'Nororiente', 'III');
INSERT INTO Region(id_region, id_pais, nombre_region, codigo_region) VALUES (4, 1, 'Suroriente', 'IV');
INSERT INTO Region(id_region, id_pais, nombre_region, codigo_region) VALUES (5, 1, 'Central', 'V');
INSERT INTO Region(id_region, id_pais, nombre_region, codigo_region) VALUES (6, 1, 'Suroccidente', 'VI');
INSERT INTO Region(id_region, id_pais, nombre_region, codigo_region) VALUES (7, 1, 'Noroccidente', 'VII');
INSERT INTO Region(id_region, id_pais, nombre_region, codigo_region) VALUES (8, 1, 'Petén', 'VIII');
INSERT INTO Departamento(id_departamento, id_region, nombre_departamento, codigo_departamento, cabecera) VALUES (1, 1, 'Guatemala', '01', 'Guatemala');
INSERT INTO Departamento(id_departamento, id_region, nombre_departamento, codigo_departamento, cabecera) VALUES (2, 2, 'Alta Verapaz', '16', 'Cobán');
INSERT INTO Departamento(id_departamento, id_region, nombre_departamento, codigo_departamento, cabecera) VALUES (3, 2, 'Baja Verapaz', '15', 'Salamá');
INSERT INTO Departamento(id_departamento, id_region, nombre_departamento, codigo_departamento, cabecera) VALUES (4, 3, 'Chiquimula', '20', 'Chiquimula');
INSERT INTO Departamento(id_departamento, id_region, nombre_departamento, codigo_departamento, cabecera) VALUES (5, 3, 'El Progreso', '02', 'Guastatoya');
INSERT INTO Departamento(id_departamento, id_region, nombre_departamento, codigo_departamento, cabecera) VALUES (6, 3, 'Izabal', '18', 'Puerto Barrios');
INSERT INTO Departamento(id_departamento, id_region, nombre_departamento, codigo_departamento, cabecera) VALUES (7, 3, 'Zacapa', '19', 'Zacapa');
INSERT INTO Departamento(id_departamento, id_region, nombre_departamento, codigo_departamento, cabecera) VALUES (8, 4, 'Jalapa', '21', 'Jalapa');
INSERT INTO Departamento(id_departamento, id_region, nombre_departamento, codigo_departamento, cabecera) VALUES (9, 4, 'Jutiapa', '22', 'Jutiapa');
INSERT INTO Departamento(id_departamento, id_region, nombre_departamento, codigo_departamento, cabecera) VALUES (10, 4, 'Santa Rosa', '06', 'Cuilapa');
INSERT INTO Departamento(id_departamento, id_region, nombre_departamento, codigo_departamento, cabecera) VALUES (11, 5, 'Chimaltenango', '04', 'Chimaltenango');
INSERT INTO Departamento(id_departamento, id_region, nombre_departamento, codigo_departamento, cabecera) VALUES (12, 5, 'Escuintla', '05', 'Escuintla');
INSERT INTO Departamento(id_departamento, id_region, nombre_departamento, codigo_departamento, cabecera) VALUES (13, 5, 'Sacatepéquez', '03', 'Antigua Guatemala');
INSERT INTO Departamento(id_departamento, id_region, nombre_departamento, codigo_departamento, cabecera) VALUES (14, 6, 'Quetzaltenango', '09', 'Quetzaltenango');
INSERT INTO Departamento(id_departamento, id_region, nombre_departamento, codigo_departamento, cabecera) VALUES (15, 6, 'Retalhuleu', '11', 'Retalhuleu');
INSERT INTO Departamento(id_departamento, id_region, nombre_departamento, codigo_departamento, cabecera) VALUES (16, 6, 'San Marcos', '12', 'San Marcos');
INSERT INTO Departamento(id_departamento, id_region, nombre_departamento, codigo_departamento, cabecera) VALUES (17, 6, 'Sololá', '07', 'Sololá');
INSERT INTO Departamento(id_departamento, id_region, nombre_departamento, codigo_departamento, cabecera) VALUES (18, 6, 'Suchitepéquez', '10', 'Mazatenango');
INSERT INTO Departamento(id_departamento, id_region, nombre_departamento, codigo_departamento, cabecera) VALUES (19, 6, 'Totonicapán', '08', 'Totonicapán');
INSERT INTO Departamento(id_departamento, id_region, nombre_departamento, codigo_departamento, cabecera) VALUES (20, 7, 'Huehuetenango', '13', 'Huehuetenango');
INSERT INTO Departamento(id_departamento, id_region, nombre_departamento, codigo_departamento, cabecera) VALUES (21, 7, 'Quiché', '14', 'Santa Cruz del Quiché');
INSERT INTO Departamento(id_departamento, id_region, nombre_departamento, codigo_departamento, cabecera) VALUES (22, 8, 'Petén', '17', 'Flores');
INSERT INTO Municipio(id_municipio, id_departamento, id_area_geo, nombre_municipio, codigo_municipio, poblacion_estimada) VALUES (1, 1, 1, 'Guatemala', '0101', 46875);
INSERT INTO Municipio(id_municipio, id_departamento, id_area_geo, nombre_municipio, codigo_municipio, poblacion_estimada) VALUES (2, 1, 3, 'Mixco', '0108', 72085);
INSERT INTO Municipio(id_municipio, id_departamento, id_area_geo, nombre_municipio, codigo_municipio, poblacion_estimada) VALUES (3, 1, 3, 'Villa Nueva', '0110', 18452);
INSERT INTO Municipio(id_municipio, id_departamento, id_area_geo, nombre_municipio, codigo_municipio, poblacion_estimada) VALUES (4, 1, 1, 'San Miguel Petapa', '0114', 83778);
INSERT INTO Municipio(id_municipio, id_departamento, id_area_geo, nombre_municipio, codigo_municipio, poblacion_estimada) VALUES (5, 1, 3, 'Amatitlán', '0117', 77949);
INSERT INTO Municipio(id_municipio, id_departamento, id_area_geo, nombre_municipio, codigo_municipio, poblacion_estimada) VALUES (6, 1, 2, 'Chinautla', '0107', 80047);
INSERT INTO Municipio(id_municipio, id_departamento, id_area_geo, nombre_municipio, codigo_municipio, poblacion_estimada) VALUES (7, 1, 3, 'Villa Canales', '0115', 69343);
INSERT INTO Municipio(id_municipio, id_departamento, id_area_geo, nombre_municipio, codigo_municipio, poblacion_estimada) VALUES (8, 1, 3, 'San José Pinula', '0103', 62815);
INSERT INTO Municipio(id_municipio, id_departamento, id_area_geo, nombre_municipio, codigo_municipio, poblacion_estimada) VALUES (9, 1, 1, 'Santa Catarina Pinula', '0102', 5332);
INSERT INTO Municipio(id_municipio, id_departamento, id_area_geo, nombre_municipio, codigo_municipio, poblacion_estimada) VALUES (10, 1, 3, 'San Pedro Ayampuc', '0106', 15580);
INSERT INTO Municipio(id_municipio, id_departamento, id_area_geo, nombre_municipio, codigo_municipio, poblacion_estimada) VALUES (11, 1, 1, 'Fraijanes', '0116', 42649);
INSERT INTO Municipio(id_municipio, id_departamento, id_area_geo, nombre_municipio, codigo_municipio, poblacion_estimada) VALUES (12, 1, 1, 'Palencia', '0105', 63937);
INSERT INTO Municipio(id_municipio, id_departamento, id_area_geo, nombre_municipio, codigo_municipio, poblacion_estimada) VALUES (13, 1, 1, 'San Juan Sacatepéquez', '0111', 94807);
INSERT INTO Municipio(id_municipio, id_departamento, id_area_geo, nombre_municipio, codigo_municipio, poblacion_estimada) VALUES (14, 1, 2, 'San Pedro Sacatepéquez', '0112', 94048);
INSERT INTO Municipio(id_municipio, id_departamento, id_area_geo, nombre_municipio, codigo_municipio, poblacion_estimada) VALUES (15, 1, 2, 'San Raymundo', '0113', 32554);
INSERT INTO Municipio(id_municipio, id_departamento, id_area_geo, nombre_municipio, codigo_municipio, poblacion_estimada) VALUES (16, 1, 2, 'Chuarrancho', '0109', 37966);
INSERT INTO Municipio(id_municipio, id_departamento, id_area_geo, nombre_municipio, codigo_municipio, poblacion_estimada) VALUES (17, 1, 2, 'San José del Golfo', '0104', 51745);
INSERT INTO Municipio(id_municipio, id_departamento, id_area_geo, nombre_municipio, codigo_municipio, poblacion_estimada) VALUES (18, 2, 2, 'Cobán', '1601', 72316);
INSERT INTO Municipio(id_municipio, id_departamento, id_area_geo, nombre_municipio, codigo_municipio, poblacion_estimada) VALUES (19, 2, 3, 'San Pedro Carchá', '1602', 15003);
INSERT INTO Municipio(id_municipio, id_departamento, id_area_geo, nombre_municipio, codigo_municipio, poblacion_estimada) VALUES (20, 2, 3, 'San Juan Chamelco', '1603', 49616);
INSERT INTO Municipio(id_municipio, id_departamento, id_area_geo, nombre_municipio, codigo_municipio, poblacion_estimada) VALUES (21, 2, 1, 'Tactic', '1604', 78066);
INSERT INTO Municipio(id_municipio, id_departamento, id_area_geo, nombre_municipio, codigo_municipio, poblacion_estimada) VALUES (22, 2, 3, 'San Cristóbal Verapaz', '1605', 43288);
INSERT INTO Municipio(id_municipio, id_departamento, id_area_geo, nombre_municipio, codigo_municipio, poblacion_estimada) VALUES (23, 2, 2, 'Tucurú', '1606', 64958);
INSERT INTO Municipio(id_municipio, id_departamento, id_area_geo, nombre_municipio, codigo_municipio, poblacion_estimada) VALUES (24, 2, 1, 'Panzós', '1607', 89514);
INSERT INTO Municipio(id_municipio, id_departamento, id_area_geo, nombre_municipio, codigo_municipio, poblacion_estimada) VALUES (25, 2, 3, 'Senahú', '1608', 98901);
INSERT INTO Municipio(id_municipio, id_departamento, id_area_geo, nombre_municipio, codigo_municipio, poblacion_estimada) VALUES (26, 2, 3, 'Cahabón', '1609', 45501);
INSERT INTO Municipio(id_municipio, id_departamento, id_area_geo, nombre_municipio, codigo_municipio, poblacion_estimada) VALUES (27, 2, 1, 'Lanquín', '1610', 98174);
INSERT INTO Municipio(id_municipio, id_departamento, id_area_geo, nombre_municipio, codigo_municipio, poblacion_estimada) VALUES (28, 2, 2, 'Chahal', '1611', 52650);
INSERT INTO Municipio(id_municipio, id_departamento, id_area_geo, nombre_municipio, codigo_municipio, poblacion_estimada) VALUES (29, 2, 2, 'Fray Bartolomé de las Casas', '1612', 60340);
INSERT INTO Municipio(id_municipio, id_departamento, id_area_geo, nombre_municipio, codigo_municipio, poblacion_estimada) VALUES (30, 2, 1, 'Chisec', '1613', 57268);
INSERT INTO Municipio(id_municipio, id_departamento, id_area_geo, nombre_municipio, codigo_municipio, poblacion_estimada) VALUES (31, 2, 3, 'Santa Cruz Verapaz', '1614', 77672);
INSERT INTO Municipio(id_municipio, id_departamento, id_area_geo, nombre_municipio, codigo_municipio, poblacion_estimada) VALUES (32, 2, 2, 'Tamahú', '1615', 20263);
INSERT INTO Municipio(id_municipio, id_departamento, id_area_geo, nombre_municipio, codigo_municipio, poblacion_estimada) VALUES (33, 2, 2, 'Santa Catalina La Tinta', '1616', 71369);
INSERT INTO Municipio(id_municipio, id_departamento, id_area_geo, nombre_municipio, codigo_municipio, poblacion_estimada) VALUES (34, 2, 3, 'Raxruhá', '1617', 69360);
INSERT INTO Municipio(id_municipio, id_departamento, id_area_geo, nombre_municipio, codigo_municipio, poblacion_estimada) VALUES (35, 3, 2, 'Salamá', '1501', 73767);
INSERT INTO Municipio(id_municipio, id_departamento, id_area_geo, nombre_municipio, codigo_municipio, poblacion_estimada) VALUES (36, 3, 2, 'San Miguel Chicaj', '1502', 60045);
INSERT INTO Municipio(id_municipio, id_departamento, id_area_geo, nombre_municipio, codigo_municipio, poblacion_estimada) VALUES (37, 3, 3, 'Rabinal', '1503', 67808);
INSERT INTO Municipio(id_municipio, id_departamento, id_area_geo, nombre_municipio, codigo_municipio, poblacion_estimada) VALUES (38, 3, 3, 'Cubulco', '1504', 72893);
INSERT INTO Municipio(id_municipio, id_departamento, id_area_geo, nombre_municipio, codigo_municipio, poblacion_estimada) VALUES (39, 3, 1, 'Granados', '1505', 80434);
INSERT INTO Municipio(id_municipio, id_departamento, id_area_geo, nombre_municipio, codigo_municipio, poblacion_estimada) VALUES (40, 3, 1, 'El Chol', '1506', 21908);
INSERT INTO Municipio(id_municipio, id_departamento, id_area_geo, nombre_municipio, codigo_municipio, poblacion_estimada) VALUES (41, 3, 1, 'San Jerónimo', '1507', 97361);
INSERT INTO Municipio(id_municipio, id_departamento, id_area_geo, nombre_municipio, codigo_municipio, poblacion_estimada) VALUES (42, 3, 3, 'Purulhá', '1508', 92881);
INSERT INTO Municipio(id_municipio, id_departamento, id_area_geo, nombre_municipio, codigo_municipio, poblacion_estimada) VALUES (43, 4, 1, 'Chiquimula', '2001', 99018);
INSERT INTO Municipio(id_municipio, id_departamento, id_area_geo, nombre_municipio, codigo_municipio, poblacion_estimada) VALUES (44, 4, 3, 'San José La Arada', '2002', 61283);
INSERT INTO Municipio(id_municipio, id_departamento, id_area_geo, nombre_municipio, codigo_municipio, poblacion_estimada) VALUES (45, 4, 2, 'San Juan Ermita', '2003', 23666);
INSERT INTO Municipio(id_municipio, id_departamento, id_area_geo, nombre_municipio, codigo_municipio, poblacion_estimada) VALUES (46, 4, 2, 'Jocotán', '2004', 35005);
INSERT INTO Municipio(id_municipio, id_departamento, id_area_geo, nombre_municipio, codigo_municipio, poblacion_estimada) VALUES (47, 4, 1, 'Camotán', '2005', 87138);
INSERT INTO Municipio(id_municipio, id_departamento, id_area_geo, nombre_municipio, codigo_municipio, poblacion_estimada) VALUES (48, 4, 3, 'Olopa', '2006', 64873);
INSERT INTO Municipio(id_municipio, id_departamento, id_area_geo, nombre_municipio, codigo_municipio, poblacion_estimada) VALUES (49, 4, 3, 'Esquipulas', '2007', 66525);
INSERT INTO Municipio(id_municipio, id_departamento, id_area_geo, nombre_municipio, codigo_municipio, poblacion_estimada) VALUES (50, 4, 3, 'Concepción Las Minas', '2008', 76517);
INSERT INTO Municipio(id_municipio, id_departamento, id_area_geo, nombre_municipio, codigo_municipio, poblacion_estimada) VALUES (51, 4, 2, 'Quezaltepeque', '2009', 78373);
INSERT INTO Municipio(id_municipio, id_departamento, id_area_geo, nombre_municipio, codigo_municipio, poblacion_estimada) VALUES (52, 4, 2, 'San Jacinto', '2010', 92785);
INSERT INTO Municipio(id_municipio, id_departamento, id_area_geo, nombre_municipio, codigo_municipio, poblacion_estimada) VALUES (53, 4, 2, 'Ipala', '2011', 76846);
INSERT INTO Municipio(id_municipio, id_departamento, id_area_geo, nombre_municipio, codigo_municipio, poblacion_estimada) VALUES (54, 5, 3, 'Guastatoya', '0201', 70784);
INSERT INTO Municipio(id_municipio, id_departamento, id_area_geo, nombre_municipio, codigo_municipio, poblacion_estimada) VALUES (55, 5, 3, 'Morazán', '0202', 67769);
INSERT INTO Municipio(id_municipio, id_departamento, id_area_geo, nombre_municipio, codigo_municipio, poblacion_estimada) VALUES (56, 5, 2, 'San Agustín Acasaguastlán', '0203', 61762);
INSERT INTO Municipio(id_municipio, id_departamento, id_area_geo, nombre_municipio, codigo_municipio, poblacion_estimada) VALUES (57, 5, 1, 'San Cristóbal Acasaguastlán', '0204', 43584);
INSERT INTO Municipio(id_municipio, id_departamento, id_area_geo, nombre_municipio, codigo_municipio, poblacion_estimada) VALUES (58, 5, 2, 'El Jícaro', '0205', 6215);
INSERT INTO Municipio(id_municipio, id_departamento, id_area_geo, nombre_municipio, codigo_municipio, poblacion_estimada) VALUES (59, 5, 1, 'Sansare', '0206', 24640);
INSERT INTO Municipio(id_municipio, id_departamento, id_area_geo, nombre_municipio, codigo_municipio, poblacion_estimada) VALUES (60, 5, 3, 'Sanarate', '0207', 83285);
INSERT INTO Municipio(id_municipio, id_departamento, id_area_geo, nombre_municipio, codigo_municipio, poblacion_estimada) VALUES (61, 5, 2, 'San Antonio La Paz', '0208', 73536);
INSERT INTO Municipio(id_municipio, id_departamento, id_area_geo, nombre_municipio, codigo_municipio, poblacion_estimada) VALUES (62, 6, 2, 'Puerto Barrios', '1801', 52177);
INSERT INTO Municipio(id_municipio, id_departamento, id_area_geo, nombre_municipio, codigo_municipio, poblacion_estimada) VALUES (63, 6, 1, 'Livingston', '1802', 39093);
INSERT INTO Municipio(id_municipio, id_departamento, id_area_geo, nombre_municipio, codigo_municipio, poblacion_estimada) VALUES (64, 6, 3, 'El Estor', '1803', 68644);
INSERT INTO Municipio(id_municipio, id_departamento, id_area_geo, nombre_municipio, codigo_municipio, poblacion_estimada) VALUES (65, 6, 2, 'Morales', '1804', 72012);
INSERT INTO Municipio(id_municipio, id_departamento, id_area_geo, nombre_municipio, codigo_municipio, poblacion_estimada) VALUES (66, 6, 2, 'Los Amates', '1805', 61915);
INSERT INTO Municipio(id_municipio, id_departamento, id_area_geo, nombre_municipio, codigo_municipio, poblacion_estimada) VALUES (67, 7, 3, 'Zacapa', '1901', 92018);
INSERT INTO Municipio(id_municipio, id_departamento, id_area_geo, nombre_municipio, codigo_municipio, poblacion_estimada) VALUES (68, 7, 1, 'Estanzuela', '1902', 43019);
INSERT INTO Municipio(id_municipio, id_departamento, id_area_geo, nombre_municipio, codigo_municipio, poblacion_estimada) VALUES (69, 7, 2, 'Río Hondo', '1903', 64985);
INSERT INTO Municipio(id_municipio, id_departamento, id_area_geo, nombre_municipio, codigo_municipio, poblacion_estimada) VALUES (70, 7, 1, 'Gualán', '1904', 62468);
INSERT INTO Municipio(id_municipio, id_departamento, id_area_geo, nombre_municipio, codigo_municipio, poblacion_estimada) VALUES (71, 7, 3, 'Teculután', '1905', 98915);
INSERT INTO Municipio(id_municipio, id_departamento, id_area_geo, nombre_municipio, codigo_municipio, poblacion_estimada) VALUES (72, 7, 3, 'Usumatlán', '1906', 38925);
INSERT INTO Municipio(id_municipio, id_departamento, id_area_geo, nombre_municipio, codigo_municipio, poblacion_estimada) VALUES (73, 7, 2, 'Cabañas', '1907', 28992);
INSERT INTO Municipio(id_municipio, id_departamento, id_area_geo, nombre_municipio, codigo_municipio, poblacion_estimada) VALUES (74, 7, 2, 'San Diego', '1908', 67802);
INSERT INTO Municipio(id_municipio, id_departamento, id_area_geo, nombre_municipio, codigo_municipio, poblacion_estimada) VALUES (75, 7, 1, 'La Unión', '1909', 90006);
INSERT INTO Municipio(id_municipio, id_departamento, id_area_geo, nombre_municipio, codigo_municipio, poblacion_estimada) VALUES (76, 7, 2, 'Huité', '1910', 70329);
INSERT INTO Municipio(id_municipio, id_departamento, id_area_geo, nombre_municipio, codigo_municipio, poblacion_estimada) VALUES (77, 8, 2, 'Jalapa', '2101', 17669);
INSERT INTO Municipio(id_municipio, id_departamento, id_area_geo, nombre_municipio, codigo_municipio, poblacion_estimada) VALUES (78, 8, 1, 'San Pedro Pinula', '2102', 58911);
INSERT INTO Municipio(id_municipio, id_departamento, id_area_geo, nombre_municipio, codigo_municipio, poblacion_estimada) VALUES (79, 8, 1, 'San Luis Jilotepeque', '2103', 63903);
INSERT INTO Municipio(id_municipio, id_departamento, id_area_geo, nombre_municipio, codigo_municipio, poblacion_estimada) VALUES (80, 8, 1, 'San Manuel Chaparrón', '2104', 17080);
INSERT INTO Municipio(id_municipio, id_departamento, id_area_geo, nombre_municipio, codigo_municipio, poblacion_estimada) VALUES (81, 8, 1, 'San Carlos Alzatate', '2105', 64143);
INSERT INTO Municipio(id_municipio, id_departamento, id_area_geo, nombre_municipio, codigo_municipio, poblacion_estimada) VALUES (82, 8, 3, 'Monjas', '2106', 76642);
INSERT INTO Municipio(id_municipio, id_departamento, id_area_geo, nombre_municipio, codigo_municipio, poblacion_estimada) VALUES (83, 8, 1, 'Mataquescuintla', '2107', 84971);
INSERT INTO Municipio(id_municipio, id_departamento, id_area_geo, nombre_municipio, codigo_municipio, poblacion_estimada) VALUES (84, 9, 1, 'Jutiapa', '2201', 37484);
INSERT INTO Municipio(id_municipio, id_departamento, id_area_geo, nombre_municipio, codigo_municipio, poblacion_estimada) VALUES (85, 9, 1, 'El Progreso', '2202', 86405);
INSERT INTO Municipio(id_municipio, id_departamento, id_area_geo, nombre_municipio, codigo_municipio, poblacion_estimada) VALUES (86, 9, 1, 'Santa Catarina Mita', '2203', 76624);
INSERT INTO Municipio(id_municipio, id_departamento, id_area_geo, nombre_municipio, codigo_municipio, poblacion_estimada) VALUES (87, 9, 2, 'Agua Blanca', '2204', 92618);
INSERT INTO Municipio(id_municipio, id_departamento, id_area_geo, nombre_municipio, codigo_municipio, poblacion_estimada) VALUES (88, 9, 3, 'Asunción Mita', '2205', 51825);
INSERT INTO Municipio(id_municipio, id_departamento, id_area_geo, nombre_municipio, codigo_municipio, poblacion_estimada) VALUES (89, 9, 1, 'Yupiltepeque', '2206', 5672);
INSERT INTO Municipio(id_municipio, id_departamento, id_area_geo, nombre_municipio, codigo_municipio, poblacion_estimada) VALUES (90, 9, 2, 'Atescatempa', '2207', 92108);
INSERT INTO Municipio(id_municipio, id_departamento, id_area_geo, nombre_municipio, codigo_municipio, poblacion_estimada) VALUES (91, 9, 3, 'Jerez', '2208', 80272);
INSERT INTO Municipio(id_municipio, id_departamento, id_area_geo, nombre_municipio, codigo_municipio, poblacion_estimada) VALUES (92, 9, 2, 'El Adelanto', '2209', 95407);
INSERT INTO Municipio(id_municipio, id_departamento, id_area_geo, nombre_municipio, codigo_municipio, poblacion_estimada) VALUES (93, 9, 3, 'Zapotitlán', '2210', 22676);
INSERT INTO Municipio(id_municipio, id_departamento, id_area_geo, nombre_municipio, codigo_municipio, poblacion_estimada) VALUES (94, 9, 3, 'Comapa', '2211', 34219);
INSERT INTO Municipio(id_municipio, id_departamento, id_area_geo, nombre_municipio, codigo_municipio, poblacion_estimada) VALUES (95, 9, 2, 'Jalpatagua', '2212', 82061);
INSERT INTO Municipio(id_municipio, id_departamento, id_area_geo, nombre_municipio, codigo_municipio, poblacion_estimada) VALUES (96, 9, 1, 'Conguaco', '2213', 83398);
INSERT INTO Municipio(id_municipio, id_departamento, id_area_geo, nombre_municipio, codigo_municipio, poblacion_estimada) VALUES (97, 9, 3, 'Moyuta', '2214', 71154);
INSERT INTO Municipio(id_municipio, id_departamento, id_area_geo, nombre_municipio, codigo_municipio, poblacion_estimada) VALUES (98, 9, 2, 'Pasaco', '2215', 16066);
INSERT INTO Municipio(id_municipio, id_departamento, id_area_geo, nombre_municipio, codigo_municipio, poblacion_estimada) VALUES (99, 9, 2, 'San José Acatempa', '2216', 92628);
INSERT INTO Municipio(id_municipio, id_departamento, id_area_geo, nombre_municipio, codigo_municipio, poblacion_estimada) VALUES (100, 9, 1, 'Quesada', '2217', 22740);
INSERT INTO Municipio(id_municipio, id_departamento, id_area_geo, nombre_municipio, codigo_municipio, poblacion_estimada) VALUES (101, 10, 3, 'Cuilapa', '0601', 45108);
INSERT INTO Municipio(id_municipio, id_departamento, id_area_geo, nombre_municipio, codigo_municipio, poblacion_estimada) VALUES (102, 10, 3, 'Barberena', '0602', 59006);
INSERT INTO Municipio(id_municipio, id_departamento, id_area_geo, nombre_municipio, codigo_municipio, poblacion_estimada) VALUES (103, 10, 2, 'Santa Rosa de Lima', '0603', 24468);
INSERT INTO Municipio(id_municipio, id_departamento, id_area_geo, nombre_municipio, codigo_municipio, poblacion_estimada) VALUES (104, 10, 3, 'Casillas', '0604', 30781);
INSERT INTO Municipio(id_municipio, id_departamento, id_area_geo, nombre_municipio, codigo_municipio, poblacion_estimada) VALUES (105, 10, 2, 'San Rafael Las Flores', '0605', 6852);
INSERT INTO Municipio(id_municipio, id_departamento, id_area_geo, nombre_municipio, codigo_municipio, poblacion_estimada) VALUES (106, 10, 1, 'Oratorio', '0606', 56032);
INSERT INTO Municipio(id_municipio, id_departamento, id_area_geo, nombre_municipio, codigo_municipio, poblacion_estimada) VALUES (107, 10, 1, 'San Juan Tecuaco', '0607', 11733);
INSERT INTO Municipio(id_municipio, id_departamento, id_area_geo, nombre_municipio, codigo_municipio, poblacion_estimada) VALUES (108, 10, 2, 'Chiquimulilla', '0608', 89708);
INSERT INTO Municipio(id_municipio, id_departamento, id_area_geo, nombre_municipio, codigo_municipio, poblacion_estimada) VALUES (109, 10, 2, 'Taxisco', '0609', 8380);
INSERT INTO Municipio(id_municipio, id_departamento, id_area_geo, nombre_municipio, codigo_municipio, poblacion_estimada) VALUES (110, 10, 1, 'Santa María Ixhuatán', '0610', 71897);
INSERT INTO Municipio(id_municipio, id_departamento, id_area_geo, nombre_municipio, codigo_municipio, poblacion_estimada) VALUES (111, 10, 2, 'Guazacapán', '0611', 47960);
INSERT INTO Municipio(id_municipio, id_departamento, id_area_geo, nombre_municipio, codigo_municipio, poblacion_estimada) VALUES (112, 10, 3, 'Santa Cruz Naranjo', '0612', 44802);
INSERT INTO Municipio(id_municipio, id_departamento, id_area_geo, nombre_municipio, codigo_municipio, poblacion_estimada) VALUES (113, 10, 2, 'Pueblo Nuevo Viñas', '0613', 47735);
INSERT INTO Municipio(id_municipio, id_departamento, id_area_geo, nombre_municipio, codigo_municipio, poblacion_estimada) VALUES (114, 10, 1, 'Nueva Santa Rosa', '0614', 70217);
INSERT INTO Municipio(id_municipio, id_departamento, id_area_geo, nombre_municipio, codigo_municipio, poblacion_estimada) VALUES (115, 11, 2, 'Chimaltenango', '0401', 79923);
INSERT INTO Municipio(id_municipio, id_departamento, id_area_geo, nombre_municipio, codigo_municipio, poblacion_estimada) VALUES (116, 11, 3, 'San José Poaquil', '0402', 27378);
INSERT INTO Municipio(id_municipio, id_departamento, id_area_geo, nombre_municipio, codigo_municipio, poblacion_estimada) VALUES (117, 11, 1, 'San Martín Jilotepeque', '0403', 82497);
INSERT INTO Municipio(id_municipio, id_departamento, id_area_geo, nombre_municipio, codigo_municipio, poblacion_estimada) VALUES (118, 11, 3, 'Comalapa', '0404', 32130);
INSERT INTO Municipio(id_municipio, id_departamento, id_area_geo, nombre_municipio, codigo_municipio, poblacion_estimada) VALUES (119, 11, 2, 'Santa Apolonia', '0405', 86702);
INSERT INTO Municipio(id_municipio, id_departamento, id_area_geo, nombre_municipio, codigo_municipio, poblacion_estimada) VALUES (120, 11, 2, 'Tecpán Guatemala', '0406', 65138);
INSERT INTO Municipio(id_municipio, id_departamento, id_area_geo, nombre_municipio, codigo_municipio, poblacion_estimada) VALUES (121, 11, 3, 'Patzún', '0407', 35582);
INSERT INTO Municipio(id_municipio, id_departamento, id_area_geo, nombre_municipio, codigo_municipio, poblacion_estimada) VALUES (122, 11, 3, 'Pochuta', '0408', 98176);
INSERT INTO Municipio(id_municipio, id_departamento, id_area_geo, nombre_municipio, codigo_municipio, poblacion_estimada) VALUES (123, 11, 1, 'Patzicía', '0409', 76742);
INSERT INTO Municipio(id_municipio, id_departamento, id_area_geo, nombre_municipio, codigo_municipio, poblacion_estimada) VALUES (124, 11, 2, 'Santa Cruz Balanyá', '0410', 9476);
INSERT INTO Municipio(id_municipio, id_departamento, id_area_geo, nombre_municipio, codigo_municipio, poblacion_estimada) VALUES (125, 11, 1, 'Acatenango', '0411', 89833);
INSERT INTO Municipio(id_municipio, id_departamento, id_area_geo, nombre_municipio, codigo_municipio, poblacion_estimada) VALUES (126, 11, 1, 'Yepocapa', '0412', 10929);
INSERT INTO Municipio(id_municipio, id_departamento, id_area_geo, nombre_municipio, codigo_municipio, poblacion_estimada) VALUES (127, 11, 3, 'San Andrés Itzapa', '0413', 76403);
INSERT INTO Municipio(id_municipio, id_departamento, id_area_geo, nombre_municipio, codigo_municipio, poblacion_estimada) VALUES (128, 11, 1, 'Parramos', '0414', 64221);
INSERT INTO Municipio(id_municipio, id_departamento, id_area_geo, nombre_municipio, codigo_municipio, poblacion_estimada) VALUES (129, 11, 3, 'Zaragoza', '0415', 29710);
INSERT INTO Municipio(id_municipio, id_departamento, id_area_geo, nombre_municipio, codigo_municipio, poblacion_estimada) VALUES (130, 11, 2, 'El Tejar', '0416', 98185);
INSERT INTO Municipio(id_municipio, id_departamento, id_area_geo, nombre_municipio, codigo_municipio, poblacion_estimada) VALUES (131, 12, 3, 'Escuintla', '0501', 7683);
INSERT INTO Municipio(id_municipio, id_departamento, id_area_geo, nombre_municipio, codigo_municipio, poblacion_estimada) VALUES (132, 12, 1, 'Santa Lucía Cotzumalguapa', '0502', 89626);
INSERT INTO Municipio(id_municipio, id_departamento, id_area_geo, nombre_municipio, codigo_municipio, poblacion_estimada) VALUES (133, 12, 3, 'La Democracia', '0503', 33668);
INSERT INTO Municipio(id_municipio, id_departamento, id_area_geo, nombre_municipio, codigo_municipio, poblacion_estimada) VALUES (134, 12, 3, 'Siquinalá', '0504', 23051);
INSERT INTO Municipio(id_municipio, id_departamento, id_area_geo, nombre_municipio, codigo_municipio, poblacion_estimada) VALUES (135, 12, 1, 'Masagua', '0505', 91667);
INSERT INTO Municipio(id_municipio, id_departamento, id_area_geo, nombre_municipio, codigo_municipio, poblacion_estimada) VALUES (136, 12, 1, 'Tiquisate', '0506', 56114);
INSERT INTO Municipio(id_municipio, id_departamento, id_area_geo, nombre_municipio, codigo_municipio, poblacion_estimada) VALUES (137, 12, 2, 'La Gomera', '0507', 60752);
INSERT INTO Municipio(id_municipio, id_departamento, id_area_geo, nombre_municipio, codigo_municipio, poblacion_estimada) VALUES (138, 12, 3, 'Guanagazapa', '0508', 59275);
INSERT INTO Municipio(id_municipio, id_departamento, id_area_geo, nombre_municipio, codigo_municipio, poblacion_estimada) VALUES (139, 12, 1, 'San José', '0509', 55224);
INSERT INTO Municipio(id_municipio, id_departamento, id_area_geo, nombre_municipio, codigo_municipio, poblacion_estimada) VALUES (140, 12, 2, 'Iztapa', '0510', 29536);
INSERT INTO Municipio(id_municipio, id_departamento, id_area_geo, nombre_municipio, codigo_municipio, poblacion_estimada) VALUES (141, 12, 2, 'Palín', '0511', 27897);
INSERT INTO Municipio(id_municipio, id_departamento, id_area_geo, nombre_municipio, codigo_municipio, poblacion_estimada) VALUES (142, 12, 2, 'San Vicente Pacaya', '0512', 65806);
INSERT INTO Municipio(id_municipio, id_departamento, id_area_geo, nombre_municipio, codigo_municipio, poblacion_estimada) VALUES (143, 12, 2, 'Nueva Concepción', '0513', 59491);
INSERT INTO Municipio(id_municipio, id_departamento, id_area_geo, nombre_municipio, codigo_municipio, poblacion_estimada) VALUES (144, 12, 2, 'Sipacate', '0514', 66302);
INSERT INTO Municipio(id_municipio, id_departamento, id_area_geo, nombre_municipio, codigo_municipio, poblacion_estimada) VALUES (145, 13, 1, 'Antigua Guatemala', '0301', 47701);
INSERT INTO Municipio(id_municipio, id_departamento, id_area_geo, nombre_municipio, codigo_municipio, poblacion_estimada) VALUES (146, 13, 3, 'Jocotenango', '0302', 68183);
INSERT INTO Municipio(id_municipio, id_departamento, id_area_geo, nombre_municipio, codigo_municipio, poblacion_estimada) VALUES (147, 13, 2, 'Pastores', '0303', 20742);
INSERT INTO Municipio(id_municipio, id_departamento, id_area_geo, nombre_municipio, codigo_municipio, poblacion_estimada) VALUES (148, 13, 3, 'Sumpango', '0304', 73773);
INSERT INTO Municipio(id_municipio, id_departamento, id_area_geo, nombre_municipio, codigo_municipio, poblacion_estimada) VALUES (149, 13, 2, 'Santo Domingo Xenacoj', '0305', 17394);
INSERT INTO Municipio(id_municipio, id_departamento, id_area_geo, nombre_municipio, codigo_municipio, poblacion_estimada) VALUES (150, 13, 1, 'Santiago Sacatepéquez', '0306', 35321);
INSERT INTO Municipio(id_municipio, id_departamento, id_area_geo, nombre_municipio, codigo_municipio, poblacion_estimada) VALUES (151, 13, 1, 'San Bartolomé Milpas Altas', '0307', 17205);
INSERT INTO Municipio(id_municipio, id_departamento, id_area_geo, nombre_municipio, codigo_municipio, poblacion_estimada) VALUES (152, 13, 2, 'San Lucas Sacatepéquez', '0308', 89630);
INSERT INTO Municipio(id_municipio, id_departamento, id_area_geo, nombre_municipio, codigo_municipio, poblacion_estimada) VALUES (153, 13, 2, 'Santa Lucía Milpas Altas', '0309', 58477);
INSERT INTO Municipio(id_municipio, id_departamento, id_area_geo, nombre_municipio, codigo_municipio, poblacion_estimada) VALUES (154, 13, 3, 'Magdalena Milpas Altas', '0310', 92870);
INSERT INTO Municipio(id_municipio, id_departamento, id_area_geo, nombre_municipio, codigo_municipio, poblacion_estimada) VALUES (155, 13, 1, 'Santa María de Jesús', '0311', 8563);
INSERT INTO Municipio(id_municipio, id_departamento, id_area_geo, nombre_municipio, codigo_municipio, poblacion_estimada) VALUES (156, 13, 2, 'Ciudad Vieja', '0312', 25546);
INSERT INTO Municipio(id_municipio, id_departamento, id_area_geo, nombre_municipio, codigo_municipio, poblacion_estimada) VALUES (157, 13, 2, 'San Miguel Dueñas', '0313', 78662);
INSERT INTO Municipio(id_municipio, id_departamento, id_area_geo, nombre_municipio, codigo_municipio, poblacion_estimada) VALUES (158, 13, 3, 'Alotenango', '0314', 80016);
INSERT INTO Municipio(id_municipio, id_departamento, id_area_geo, nombre_municipio, codigo_municipio, poblacion_estimada) VALUES (159, 13, 3, 'San Antonio Aguas Calientes', '0315', 33382);
INSERT INTO Municipio(id_municipio, id_departamento, id_area_geo, nombre_municipio, codigo_municipio, poblacion_estimada) VALUES (160, 13, 1, 'Santa Catarina Barahona', '0316', 86367);
INSERT INTO Municipio(id_municipio, id_departamento, id_area_geo, nombre_municipio, codigo_municipio, poblacion_estimada) VALUES (161, 14, 3, 'Quetzaltenango', '0901', 41762);
INSERT INTO Municipio(id_municipio, id_departamento, id_area_geo, nombre_municipio, codigo_municipio, poblacion_estimada) VALUES (162, 14, 3, 'Salcajá', '0902', 79454);
INSERT INTO Municipio(id_municipio, id_departamento, id_area_geo, nombre_municipio, codigo_municipio, poblacion_estimada) VALUES (163, 14, 3, 'Olintepeque', '0903', 33106);
INSERT INTO Municipio(id_municipio, id_departamento, id_area_geo, nombre_municipio, codigo_municipio, poblacion_estimada) VALUES (164, 14, 3, 'San Carlos Sija', '0904', 43626);
INSERT INTO Municipio(id_municipio, id_departamento, id_area_geo, nombre_municipio, codigo_municipio, poblacion_estimada) VALUES (165, 14, 3, 'Sibilia', '0905', 40140);
INSERT INTO Municipio(id_municipio, id_departamento, id_area_geo, nombre_municipio, codigo_municipio, poblacion_estimada) VALUES (166, 14, 3, 'Cabricán', '0906', 77841);
INSERT INTO Municipio(id_municipio, id_departamento, id_area_geo, nombre_municipio, codigo_municipio, poblacion_estimada) VALUES (167, 14, 1, 'Cajolá', '0907', 18298);
INSERT INTO Municipio(id_municipio, id_departamento, id_area_geo, nombre_municipio, codigo_municipio, poblacion_estimada) VALUES (168, 14, 2, 'San Miguel Sigüilá', '0908', 17639);
INSERT INTO Municipio(id_municipio, id_departamento, id_area_geo, nombre_municipio, codigo_municipio, poblacion_estimada) VALUES (169, 14, 2, 'Ostuncalco', '0909', 27449);
INSERT INTO Municipio(id_municipio, id_departamento, id_area_geo, nombre_municipio, codigo_municipio, poblacion_estimada) VALUES (170, 14, 1, 'San Mateo', '0910', 94724);
INSERT INTO Municipio(id_municipio, id_departamento, id_area_geo, nombre_municipio, codigo_municipio, poblacion_estimada) VALUES (171, 14, 1, 'Concepción Chiquirichapa', '0911', 51694);
INSERT INTO Municipio(id_municipio, id_departamento, id_area_geo, nombre_municipio, codigo_municipio, poblacion_estimada) VALUES (172, 14, 3, 'San Martín Sacatepéquez', '0912', 29313);
INSERT INTO Municipio(id_municipio, id_departamento, id_area_geo, nombre_municipio, codigo_municipio, poblacion_estimada) VALUES (173, 14, 3, 'Almolonga', '0913', 87586);
INSERT INTO Municipio(id_municipio, id_departamento, id_area_geo, nombre_municipio, codigo_municipio, poblacion_estimada) VALUES (174, 14, 1, 'Cantel', '0914', 71404);
INSERT INTO Municipio(id_municipio, id_departamento, id_area_geo, nombre_municipio, codigo_municipio, poblacion_estimada) VALUES (175, 14, 2, 'Huitán', '0915', 41278);
INSERT INTO Municipio(id_municipio, id_departamento, id_area_geo, nombre_municipio, codigo_municipio, poblacion_estimada) VALUES (176, 14, 3, 'Zunil', '0916', 13377);
INSERT INTO Municipio(id_municipio, id_departamento, id_area_geo, nombre_municipio, codigo_municipio, poblacion_estimada) VALUES (177, 14, 2, 'Colomba', '0917', 46235);
INSERT INTO Municipio(id_municipio, id_departamento, id_area_geo, nombre_municipio, codigo_municipio, poblacion_estimada) VALUES (178, 14, 1, 'San Francisco La Unión', '0918', 39191);
INSERT INTO Municipio(id_municipio, id_departamento, id_area_geo, nombre_municipio, codigo_municipio, poblacion_estimada) VALUES (179, 14, 2, 'El Palmar', '0919', 13241);
INSERT INTO Municipio(id_municipio, id_departamento, id_area_geo, nombre_municipio, codigo_municipio, poblacion_estimada) VALUES (180, 14, 1, 'Coatepeque', '0920', 58954);
INSERT INTO Municipio(id_municipio, id_departamento, id_area_geo, nombre_municipio, codigo_municipio, poblacion_estimada) VALUES (181, 14, 2, 'Génova', '0921', 59333);
INSERT INTO Municipio(id_municipio, id_departamento, id_area_geo, nombre_municipio, codigo_municipio, poblacion_estimada) VALUES (182, 14, 1, 'Flores Costa Cuca', '0922', 12511);
INSERT INTO Municipio(id_municipio, id_departamento, id_area_geo, nombre_municipio, codigo_municipio, poblacion_estimada) VALUES (183, 14, 1, 'La Esperanza', '0923', 35831);
INSERT INTO Municipio(id_municipio, id_departamento, id_area_geo, nombre_municipio, codigo_municipio, poblacion_estimada) VALUES (184, 14, 1, 'Palestina de los Altos', '0924', 45621);
INSERT INTO Municipio(id_municipio, id_departamento, id_area_geo, nombre_municipio, codigo_municipio, poblacion_estimada) VALUES (185, 15, 1, 'Retalhuleu', '1101', 17303);
INSERT INTO Municipio(id_municipio, id_departamento, id_area_geo, nombre_municipio, codigo_municipio, poblacion_estimada) VALUES (186, 15, 3, 'San Sebastián', '1102', 78554);
INSERT INTO Municipio(id_municipio, id_departamento, id_area_geo, nombre_municipio, codigo_municipio, poblacion_estimada) VALUES (187, 15, 3, 'Santa Cruz Muluá', '1103', 50915);
INSERT INTO Municipio(id_municipio, id_departamento, id_area_geo, nombre_municipio, codigo_municipio, poblacion_estimada) VALUES (188, 15, 2, 'San Martín Zapotitlán', '1104', 64774);
INSERT INTO Municipio(id_municipio, id_departamento, id_area_geo, nombre_municipio, codigo_municipio, poblacion_estimada) VALUES (189, 15, 3, 'San Felipe', '1105', 87015);
INSERT INTO Municipio(id_municipio, id_departamento, id_area_geo, nombre_municipio, codigo_municipio, poblacion_estimada) VALUES (190, 15, 3, 'San Andrés Villa Seca', '1106', 98613);
INSERT INTO Municipio(id_municipio, id_departamento, id_area_geo, nombre_municipio, codigo_municipio, poblacion_estimada) VALUES (191, 15, 3, 'Champerico', '1107', 9982);
INSERT INTO Municipio(id_municipio, id_departamento, id_area_geo, nombre_municipio, codigo_municipio, poblacion_estimada) VALUES (192, 15, 2, 'Nuevo San Carlos', '1108', 46427);
INSERT INTO Municipio(id_municipio, id_departamento, id_area_geo, nombre_municipio, codigo_municipio, poblacion_estimada) VALUES (193, 15, 3, 'El Asintal', '1109', 33263);
INSERT INTO Municipio(id_municipio, id_departamento, id_area_geo, nombre_municipio, codigo_municipio, poblacion_estimada) VALUES (194, 16, 3, 'San Marcos', '1201', 65643);
INSERT INTO Municipio(id_municipio, id_departamento, id_area_geo, nombre_municipio, codigo_municipio, poblacion_estimada) VALUES (195, 16, 2, 'San Pedro Sacatepéquez', '1202', 93594);
INSERT INTO Municipio(id_municipio, id_departamento, id_area_geo, nombre_municipio, codigo_municipio, poblacion_estimada) VALUES (196, 16, 1, 'San Antonio Sacatepéquez', '1203', 94976);
INSERT INTO Municipio(id_municipio, id_departamento, id_area_geo, nombre_municipio, codigo_municipio, poblacion_estimada) VALUES (197, 16, 2, 'Comitancillo', '1204', 70701);
INSERT INTO Municipio(id_municipio, id_departamento, id_area_geo, nombre_municipio, codigo_municipio, poblacion_estimada) VALUES (198, 16, 3, 'San Miguel Ixtahuacán', '1205', 37974);
INSERT INTO Municipio(id_municipio, id_departamento, id_area_geo, nombre_municipio, codigo_municipio, poblacion_estimada) VALUES (199, 16, 2, 'Concepción Tutuapa', '1206', 43257);
INSERT INTO Municipio(id_municipio, id_departamento, id_area_geo, nombre_municipio, codigo_municipio, poblacion_estimada) VALUES (200, 16, 2, 'Tacaná', '1207', 12553);
INSERT INTO Municipio(id_municipio, id_departamento, id_area_geo, nombre_municipio, codigo_municipio, poblacion_estimada) VALUES (201, 16, 3, 'Sibinal', '1208', 98739);
INSERT INTO Municipio(id_municipio, id_departamento, id_area_geo, nombre_municipio, codigo_municipio, poblacion_estimada) VALUES (202, 16, 2, 'Tajumulco', '1209', 8101);
INSERT INTO Municipio(id_municipio, id_departamento, id_area_geo, nombre_municipio, codigo_municipio, poblacion_estimada) VALUES (203, 16, 2, 'Tejutla', '1210', 96134);
INSERT INTO Municipio(id_municipio, id_departamento, id_area_geo, nombre_municipio, codigo_municipio, poblacion_estimada) VALUES (204, 16, 2, 'San Rafael Pie de la Cuesta', '1211', 42952);
INSERT INTO Municipio(id_municipio, id_departamento, id_area_geo, nombre_municipio, codigo_municipio, poblacion_estimada) VALUES (205, 16, 3, 'Nuevo Progreso', '1212', 21032);
INSERT INTO Municipio(id_municipio, id_departamento, id_area_geo, nombre_municipio, codigo_municipio, poblacion_estimada) VALUES (206, 16, 2, 'El Tumbador', '1213', 59609);
INSERT INTO Municipio(id_municipio, id_departamento, id_area_geo, nombre_municipio, codigo_municipio, poblacion_estimada) VALUES (207, 16, 2, 'El Rodeo', '1214', 81756);
INSERT INTO Municipio(id_municipio, id_departamento, id_area_geo, nombre_municipio, codigo_municipio, poblacion_estimada) VALUES (208, 16, 1, 'Malacatán', '1215', 76061);
INSERT INTO Municipio(id_municipio, id_departamento, id_area_geo, nombre_municipio, codigo_municipio, poblacion_estimada) VALUES (209, 16, 2, 'Catarina', '1216', 30879);
INSERT INTO Municipio(id_municipio, id_departamento, id_area_geo, nombre_municipio, codigo_municipio, poblacion_estimada) VALUES (210, 16, 3, 'Ayutla', '1217', 12359);
INSERT INTO Municipio(id_municipio, id_departamento, id_area_geo, nombre_municipio, codigo_municipio, poblacion_estimada) VALUES (211, 16, 3, 'Ocós', '1218', 19758);
INSERT INTO Municipio(id_municipio, id_departamento, id_area_geo, nombre_municipio, codigo_municipio, poblacion_estimada) VALUES (212, 16, 1, 'San Pablo', '1219', 86129);
INSERT INTO Municipio(id_municipio, id_departamento, id_area_geo, nombre_municipio, codigo_municipio, poblacion_estimada) VALUES (213, 16, 1, 'El Quetzal', '1220', 20503);
INSERT INTO Municipio(id_municipio, id_departamento, id_area_geo, nombre_municipio, codigo_municipio, poblacion_estimada) VALUES (214, 16, 1, 'La Reforma', '1221', 21473);
INSERT INTO Municipio(id_municipio, id_departamento, id_area_geo, nombre_municipio, codigo_municipio, poblacion_estimada) VALUES (215, 16, 3, 'Pajapita', '1222', 51404);
INSERT INTO Municipio(id_municipio, id_departamento, id_area_geo, nombre_municipio, codigo_municipio, poblacion_estimada) VALUES (216, 16, 3, 'Ixchiguán', '1223', 89920);
INSERT INTO Municipio(id_municipio, id_departamento, id_area_geo, nombre_municipio, codigo_municipio, poblacion_estimada) VALUES (217, 16, 3, 'San José Ojetenam', '1224', 44615);
INSERT INTO Municipio(id_municipio, id_departamento, id_area_geo, nombre_municipio, codigo_municipio, poblacion_estimada) VALUES (218, 16, 1, 'San Cristóbal Cucho', '1225', 60675);
INSERT INTO Municipio(id_municipio, id_departamento, id_area_geo, nombre_municipio, codigo_municipio, poblacion_estimada) VALUES (219, 16, 3, 'Sipacapa', '1226', 21554);
INSERT INTO Municipio(id_municipio, id_departamento, id_area_geo, nombre_municipio, codigo_municipio, poblacion_estimada) VALUES (220, 16, 2, 'Esquipulas Palo Gordo', '1227', 59433);
INSERT INTO Municipio(id_municipio, id_departamento, id_area_geo, nombre_municipio, codigo_municipio, poblacion_estimada) VALUES (221, 16, 2, 'Río Blanco', '1228', 54438);
INSERT INTO Municipio(id_municipio, id_departamento, id_area_geo, nombre_municipio, codigo_municipio, poblacion_estimada) VALUES (222, 16, 1, 'San Lorenzo', '1229', 60179);
INSERT INTO Municipio(id_municipio, id_departamento, id_area_geo, nombre_municipio, codigo_municipio, poblacion_estimada) VALUES (223, 16, 3, 'La Blanca', '1230', 33778);
INSERT INTO Municipio(id_municipio, id_departamento, id_area_geo, nombre_municipio, codigo_municipio, poblacion_estimada) VALUES (224, 17, 1, 'Sololá', '0701', 29047);
INSERT INTO Municipio(id_municipio, id_departamento, id_area_geo, nombre_municipio, codigo_municipio, poblacion_estimada) VALUES (225, 17, 3, 'San José Chacayá', '0702', 8724);
INSERT INTO Municipio(id_municipio, id_departamento, id_area_geo, nombre_municipio, codigo_municipio, poblacion_estimada) VALUES (226, 17, 3, 'Santa María Visitación', '0703', 99013);
INSERT INTO Municipio(id_municipio, id_departamento, id_area_geo, nombre_municipio, codigo_municipio, poblacion_estimada) VALUES (227, 17, 3, 'Santa Lucía Utatlán', '0704', 94620);
INSERT INTO Municipio(id_municipio, id_departamento, id_area_geo, nombre_municipio, codigo_municipio, poblacion_estimada) VALUES (228, 17, 3, 'Nahualá', '0705', 57017);
INSERT INTO Municipio(id_municipio, id_departamento, id_area_geo, nombre_municipio, codigo_municipio, poblacion_estimada) VALUES (229, 17, 2, 'Santa Catarina Ixtahuacán', '0706', 24357);
INSERT INTO Municipio(id_municipio, id_departamento, id_area_geo, nombre_municipio, codigo_municipio, poblacion_estimada) VALUES (230, 17, 1, 'Santa Clara La Laguna', '0707', 8062);
INSERT INTO Municipio(id_municipio, id_departamento, id_area_geo, nombre_municipio, codigo_municipio, poblacion_estimada) VALUES (231, 17, 1, 'Concepción', '0708', 41284);
INSERT INTO Municipio(id_municipio, id_departamento, id_area_geo, nombre_municipio, codigo_municipio, poblacion_estimada) VALUES (232, 17, 3, 'San Andrés Semetabaj', '0709', 67762);
INSERT INTO Municipio(id_municipio, id_departamento, id_area_geo, nombre_municipio, codigo_municipio, poblacion_estimada) VALUES (233, 17, 2, 'Panajachel', '0710', 39578);
INSERT INTO Municipio(id_municipio, id_departamento, id_area_geo, nombre_municipio, codigo_municipio, poblacion_estimada) VALUES (234, 17, 2, 'Santa Catarina Palopó', '0711', 23174);
INSERT INTO Municipio(id_municipio, id_departamento, id_area_geo, nombre_municipio, codigo_municipio, poblacion_estimada) VALUES (235, 17, 3, 'San Antonio Palopó', '0712', 82810);
INSERT INTO Municipio(id_municipio, id_departamento, id_area_geo, nombre_municipio, codigo_municipio, poblacion_estimada) VALUES (236, 17, 1, 'San Lucas Tolimán', '0713', 28501);
INSERT INTO Municipio(id_municipio, id_departamento, id_area_geo, nombre_municipio, codigo_municipio, poblacion_estimada) VALUES (237, 17, 3, 'Santa Cruz La Laguna', '0714', 9981);
INSERT INTO Municipio(id_municipio, id_departamento, id_area_geo, nombre_municipio, codigo_municipio, poblacion_estimada) VALUES (238, 17, 3, 'San Pablo La Laguna', '0715', 72377);
INSERT INTO Municipio(id_municipio, id_departamento, id_area_geo, nombre_municipio, codigo_municipio, poblacion_estimada) VALUES (239, 17, 2, 'San Marcos La Laguna', '0716', 49657);
INSERT INTO Municipio(id_municipio, id_departamento, id_area_geo, nombre_municipio, codigo_municipio, poblacion_estimada) VALUES (240, 17, 3, 'San Juan La Laguna', '0717', 73216);
INSERT INTO Municipio(id_municipio, id_departamento, id_area_geo, nombre_municipio, codigo_municipio, poblacion_estimada) VALUES (241, 17, 3, 'San Pedro La Laguna', '0718', 46615);
INSERT INTO Municipio(id_municipio, id_departamento, id_area_geo, nombre_municipio, codigo_municipio, poblacion_estimada) VALUES (242, 17, 1, 'Santiago Atitlán', '0719', 91228);
INSERT INTO Municipio(id_municipio, id_departamento, id_area_geo, nombre_municipio, codigo_municipio, poblacion_estimada) VALUES (243, 18, 1, 'Mazatenango', '1001', 87294);
INSERT INTO Municipio(id_municipio, id_departamento, id_area_geo, nombre_municipio, codigo_municipio, poblacion_estimada) VALUES (244, 18, 1, 'Cuyotenango', '1002', 66675);
INSERT INTO Municipio(id_municipio, id_departamento, id_area_geo, nombre_municipio, codigo_municipio, poblacion_estimada) VALUES (245, 18, 1, 'San Francisco Zapotitlán', '1003', 34076);
INSERT INTO Municipio(id_municipio, id_departamento, id_area_geo, nombre_municipio, codigo_municipio, poblacion_estimada) VALUES (246, 18, 3, 'San Bernardino', '1004', 71665);
INSERT INTO Municipio(id_municipio, id_departamento, id_area_geo, nombre_municipio, codigo_municipio, poblacion_estimada) VALUES (247, 18, 1, 'San José El Idolo', '1005', 57307);
INSERT INTO Municipio(id_municipio, id_departamento, id_area_geo, nombre_municipio, codigo_municipio, poblacion_estimada) VALUES (248, 18, 3, 'Santo Domingo Suchitepéquez', '1006', 52176);
INSERT INTO Municipio(id_municipio, id_departamento, id_area_geo, nombre_municipio, codigo_municipio, poblacion_estimada) VALUES (249, 18, 1, 'San Lorenzo', '1007', 78608);
INSERT INTO Municipio(id_municipio, id_departamento, id_area_geo, nombre_municipio, codigo_municipio, poblacion_estimada) VALUES (250, 18, 2, 'Samayac', '1008', 50047);
INSERT INTO Municipio(id_municipio, id_departamento, id_area_geo, nombre_municipio, codigo_municipio, poblacion_estimada) VALUES (251, 18, 1, 'San Pablo Jocopilas', '1009', 54116);
INSERT INTO Municipio(id_municipio, id_departamento, id_area_geo, nombre_municipio, codigo_municipio, poblacion_estimada) VALUES (252, 18, 2, 'San Antonio Suchitepéquez', '1010', 65197);
INSERT INTO Municipio(id_municipio, id_departamento, id_area_geo, nombre_municipio, codigo_municipio, poblacion_estimada) VALUES (253, 18, 3, 'San Miguel Panán', '1011', 64973);
INSERT INTO Municipio(id_municipio, id_departamento, id_area_geo, nombre_municipio, codigo_municipio, poblacion_estimada) VALUES (254, 18, 3, 'San Gabriel', '1012', 67136);
INSERT INTO Municipio(id_municipio, id_departamento, id_area_geo, nombre_municipio, codigo_municipio, poblacion_estimada) VALUES (255, 18, 3, 'Chicacao', '1013', 81097);
INSERT INTO Municipio(id_municipio, id_departamento, id_area_geo, nombre_municipio, codigo_municipio, poblacion_estimada) VALUES (256, 18, 2, 'Patulul', '1014', 29628);
INSERT INTO Municipio(id_municipio, id_departamento, id_area_geo, nombre_municipio, codigo_municipio, poblacion_estimada) VALUES (257, 18, 1, 'Santa Bárbara', '1015', 87315);
INSERT INTO Municipio(id_municipio, id_departamento, id_area_geo, nombre_municipio, codigo_municipio, poblacion_estimada) VALUES (258, 18, 2, 'San Juan Bautista', '1016', 25156);
INSERT INTO Municipio(id_municipio, id_departamento, id_area_geo, nombre_municipio, codigo_municipio, poblacion_estimada) VALUES (259, 18, 2, 'Santo Tomás La Unión', '1017', 5696);
INSERT INTO Municipio(id_municipio, id_departamento, id_area_geo, nombre_municipio, codigo_municipio, poblacion_estimada) VALUES (260, 18, 2, 'Zunilito', '1018', 73580);
INSERT INTO Municipio(id_municipio, id_departamento, id_area_geo, nombre_municipio, codigo_municipio, poblacion_estimada) VALUES (261, 18, 3, 'Pueblo Nuevo', '1019', 58520);
INSERT INTO Municipio(id_municipio, id_departamento, id_area_geo, nombre_municipio, codigo_municipio, poblacion_estimada) VALUES (262, 18, 1, 'Río Bravo', '1020', 88770);
INSERT INTO Municipio(id_municipio, id_departamento, id_area_geo, nombre_municipio, codigo_municipio, poblacion_estimada) VALUES (263, 18, 1, 'San José La Máquina', '1021', 16037);
INSERT INTO Municipio(id_municipio, id_departamento, id_area_geo, nombre_municipio, codigo_municipio, poblacion_estimada) VALUES (264, 19, 2, 'Totonicapán', '0801', 53862);
INSERT INTO Municipio(id_municipio, id_departamento, id_area_geo, nombre_municipio, codigo_municipio, poblacion_estimada) VALUES (265, 19, 3, 'San Cristóbal Totonicapán', '0802', 39736);
INSERT INTO Municipio(id_municipio, id_departamento, id_area_geo, nombre_municipio, codigo_municipio, poblacion_estimada) VALUES (266, 19, 1, 'San Francisco El Alto', '0803', 98679);
INSERT INTO Municipio(id_municipio, id_departamento, id_area_geo, nombre_municipio, codigo_municipio, poblacion_estimada) VALUES (267, 19, 3, 'San Andrés Xecul', '0804', 18205);
INSERT INTO Municipio(id_municipio, id_departamento, id_area_geo, nombre_municipio, codigo_municipio, poblacion_estimada) VALUES (268, 19, 1, 'Momostenango', '0805', 74915);
INSERT INTO Municipio(id_municipio, id_departamento, id_area_geo, nombre_municipio, codigo_municipio, poblacion_estimada) VALUES (269, 19, 1, 'Santa María Chiquimula', '0806', 96173);
INSERT INTO Municipio(id_municipio, id_departamento, id_area_geo, nombre_municipio, codigo_municipio, poblacion_estimada) VALUES (270, 19, 3, 'Santa Lucía La Reforma', '0807', 45201);
INSERT INTO Municipio(id_municipio, id_departamento, id_area_geo, nombre_municipio, codigo_municipio, poblacion_estimada) VALUES (271, 19, 3, 'San Bartolo', '0808', 10851);
INSERT INTO Municipio(id_municipio, id_departamento, id_area_geo, nombre_municipio, codigo_municipio, poblacion_estimada) VALUES (272, 20, 2, 'Huehuetenango', '1301', 54883);
INSERT INTO Municipio(id_municipio, id_departamento, id_area_geo, nombre_municipio, codigo_municipio, poblacion_estimada) VALUES (273, 20, 3, 'Chiantla', '1302', 72711);
INSERT INTO Municipio(id_municipio, id_departamento, id_area_geo, nombre_municipio, codigo_municipio, poblacion_estimada) VALUES (274, 20, 3, 'Malacatancito', '1303', 91739);
INSERT INTO Municipio(id_municipio, id_departamento, id_area_geo, nombre_municipio, codigo_municipio, poblacion_estimada) VALUES (275, 20, 1, 'Cuilco', '1304', 71684);
INSERT INTO Municipio(id_municipio, id_departamento, id_area_geo, nombre_municipio, codigo_municipio, poblacion_estimada) VALUES (276, 20, 1, 'Nentón', '1305', 16211);
INSERT INTO Municipio(id_municipio, id_departamento, id_area_geo, nombre_municipio, codigo_municipio, poblacion_estimada) VALUES (277, 20, 1, 'San Pedro Necta', '1306', 56014);
INSERT INTO Municipio(id_municipio, id_departamento, id_area_geo, nombre_municipio, codigo_municipio, poblacion_estimada) VALUES (278, 20, 2, 'Jacaltenango', '1307', 76760);
INSERT INTO Municipio(id_municipio, id_departamento, id_area_geo, nombre_municipio, codigo_municipio, poblacion_estimada) VALUES (279, 20, 2, 'Soloma', '1308', 45687);
INSERT INTO Municipio(id_municipio, id_departamento, id_area_geo, nombre_municipio, codigo_municipio, poblacion_estimada) VALUES (280, 20, 1, 'Ixtahuacán', '1309', 82689);
INSERT INTO Municipio(id_municipio, id_departamento, id_area_geo, nombre_municipio, codigo_municipio, poblacion_estimada) VALUES (281, 20, 3, 'Santa Bárbara', '1310', 29874);
INSERT INTO Municipio(id_municipio, id_departamento, id_area_geo, nombre_municipio, codigo_municipio, poblacion_estimada) VALUES (282, 20, 1, 'La Libertad', '1311', 43392);
INSERT INTO Municipio(id_municipio, id_departamento, id_area_geo, nombre_municipio, codigo_municipio, poblacion_estimada) VALUES (283, 20, 2, 'La Democracia', '1312', 75931);
INSERT INTO Municipio(id_municipio, id_departamento, id_area_geo, nombre_municipio, codigo_municipio, poblacion_estimada) VALUES (284, 20, 2, 'San Miguel Acatán', '1313', 51821);
INSERT INTO Municipio(id_municipio, id_departamento, id_area_geo, nombre_municipio, codigo_municipio, poblacion_estimada) VALUES (285, 20, 1, 'San Rafael La Independencia', '1314', 55936);
INSERT INTO Municipio(id_municipio, id_departamento, id_area_geo, nombre_municipio, codigo_municipio, poblacion_estimada) VALUES (286, 20, 1, 'Todos Santos Cuchumatán', '1315', 87551);
INSERT INTO Municipio(id_municipio, id_departamento, id_area_geo, nombre_municipio, codigo_municipio, poblacion_estimada) VALUES (287, 20, 1, 'San Juan Atitán', '1316', 84423);
INSERT INTO Municipio(id_municipio, id_departamento, id_area_geo, nombre_municipio, codigo_municipio, poblacion_estimada) VALUES (288, 20, 3, 'Santa Eulalia', '1317', 67916);
INSERT INTO Municipio(id_municipio, id_departamento, id_area_geo, nombre_municipio, codigo_municipio, poblacion_estimada) VALUES (289, 20, 2, 'San Mateo Ixtatán', '1318', 51616);
INSERT INTO Municipio(id_municipio, id_departamento, id_area_geo, nombre_municipio, codigo_municipio, poblacion_estimada) VALUES (290, 20, 3, 'Colotenango', '1319', 27398);
INSERT INTO Municipio(id_municipio, id_departamento, id_area_geo, nombre_municipio, codigo_municipio, poblacion_estimada) VALUES (291, 20, 3, 'San Sebastián Huehuetenango', '1320', 72658);
INSERT INTO Municipio(id_municipio, id_departamento, id_area_geo, nombre_municipio, codigo_municipio, poblacion_estimada) VALUES (292, 20, 1, 'Tectitán', '1321', 28543);
INSERT INTO Municipio(id_municipio, id_departamento, id_area_geo, nombre_municipio, codigo_municipio, poblacion_estimada) VALUES (293, 20, 2, 'Concepción Huista', '1322', 75660);
INSERT INTO Municipio(id_municipio, id_departamento, id_area_geo, nombre_municipio, codigo_municipio, poblacion_estimada) VALUES (294, 20, 1, 'San Juan Ixcoy', '1323', 26487);
INSERT INTO Municipio(id_municipio, id_departamento, id_area_geo, nombre_municipio, codigo_municipio, poblacion_estimada) VALUES (295, 20, 1, 'San Antonio Huista', '1324', 20295);
INSERT INTO Municipio(id_municipio, id_departamento, id_area_geo, nombre_municipio, codigo_municipio, poblacion_estimada) VALUES (296, 20, 3, 'San Sebastián Coatán', '1325', 92517);
INSERT INTO Municipio(id_municipio, id_departamento, id_area_geo, nombre_municipio, codigo_municipio, poblacion_estimada) VALUES (297, 20, 3, 'Santa Cruz Barillas', '1326', 89332);
INSERT INTO Municipio(id_municipio, id_departamento, id_area_geo, nombre_municipio, codigo_municipio, poblacion_estimada) VALUES (298, 20, 1, 'Aguacatán', '1327', 54093);
INSERT INTO Municipio(id_municipio, id_departamento, id_area_geo, nombre_municipio, codigo_municipio, poblacion_estimada) VALUES (299, 20, 1, 'San Rafael Pétzal', '1328', 53234);
INSERT INTO Municipio(id_municipio, id_departamento, id_area_geo, nombre_municipio, codigo_municipio, poblacion_estimada) VALUES (300, 20, 2, 'San Gaspar Ixchil', '1329', 33336);
INSERT INTO Municipio(id_municipio, id_departamento, id_area_geo, nombre_municipio, codigo_municipio, poblacion_estimada) VALUES (301, 20, 3, 'Santiago Chimaltenango', '1330', 25214);
INSERT INTO Municipio(id_municipio, id_departamento, id_area_geo, nombre_municipio, codigo_municipio, poblacion_estimada) VALUES (302, 20, 3, 'Santa Ana Huista', '1331', 84956);
INSERT INTO Municipio(id_municipio, id_departamento, id_area_geo, nombre_municipio, codigo_municipio, poblacion_estimada) VALUES (303, 20, 1, 'Unión Cantinil', '1332', 21583);
INSERT INTO Municipio(id_municipio, id_departamento, id_area_geo, nombre_municipio, codigo_municipio, poblacion_estimada) VALUES (304, 20, 1, 'Petatán', '1333', 47767);
INSERT INTO Municipio(id_municipio, id_departamento, id_area_geo, nombre_municipio, codigo_municipio, poblacion_estimada) VALUES (305, 21, 2, 'Santa Cruz del Quiché', '1401', 19076);
INSERT INTO Municipio(id_municipio, id_departamento, id_area_geo, nombre_municipio, codigo_municipio, poblacion_estimada) VALUES (306, 21, 3, 'Chiché', '1402', 14585);
INSERT INTO Municipio(id_municipio, id_departamento, id_area_geo, nombre_municipio, codigo_municipio, poblacion_estimada) VALUES (307, 21, 2, 'Chinique', '1403', 39415);
INSERT INTO Municipio(id_municipio, id_departamento, id_area_geo, nombre_municipio, codigo_municipio, poblacion_estimada) VALUES (308, 21, 3, 'Zacualpa', '1404', 44517);
INSERT INTO Municipio(id_municipio, id_departamento, id_area_geo, nombre_municipio, codigo_municipio, poblacion_estimada) VALUES (309, 21, 3, 'Chajul', '1405', 20407);
INSERT INTO Municipio(id_municipio, id_departamento, id_area_geo, nombre_municipio, codigo_municipio, poblacion_estimada) VALUES (310, 21, 2, 'Chichicastenango', '1406', 67178);
INSERT INTO Municipio(id_municipio, id_departamento, id_area_geo, nombre_municipio, codigo_municipio, poblacion_estimada) VALUES (311, 21, 2, 'Patzité', '1407', 20851);
INSERT INTO Municipio(id_municipio, id_departamento, id_area_geo, nombre_municipio, codigo_municipio, poblacion_estimada) VALUES (312, 21, 3, 'San Antonio Ilotenango', '1408', 73019);
INSERT INTO Municipio(id_municipio, id_departamento, id_area_geo, nombre_municipio, codigo_municipio, poblacion_estimada) VALUES (313, 21, 1, 'San Pedro Jocopilas', '1409', 52012);
INSERT INTO Municipio(id_municipio, id_departamento, id_area_geo, nombre_municipio, codigo_municipio, poblacion_estimada) VALUES (314, 21, 3, 'Cunén', '1410', 64760);
INSERT INTO Municipio(id_municipio, id_departamento, id_area_geo, nombre_municipio, codigo_municipio, poblacion_estimada) VALUES (315, 21, 3, 'San Juan Cotzal', '1411', 50235);
INSERT INTO Municipio(id_municipio, id_departamento, id_area_geo, nombre_municipio, codigo_municipio, poblacion_estimada) VALUES (316, 21, 1, 'Joyabaj', '1412', 14048);
INSERT INTO Municipio(id_municipio, id_departamento, id_area_geo, nombre_municipio, codigo_municipio, poblacion_estimada) VALUES (317, 21, 1, 'Nebaj', '1413', 69856);
INSERT INTO Municipio(id_municipio, id_departamento, id_area_geo, nombre_municipio, codigo_municipio, poblacion_estimada) VALUES (318, 21, 2, 'San Andrés Sajcabajá', '1414', 39773);
INSERT INTO Municipio(id_municipio, id_departamento, id_area_geo, nombre_municipio, codigo_municipio, poblacion_estimada) VALUES (319, 21, 3, 'Uspantán', '1415', 34628);
INSERT INTO Municipio(id_municipio, id_departamento, id_area_geo, nombre_municipio, codigo_municipio, poblacion_estimada) VALUES (320, 21, 1, 'Sacapulas', '1416', 47598);
INSERT INTO Municipio(id_municipio, id_departamento, id_area_geo, nombre_municipio, codigo_municipio, poblacion_estimada) VALUES (321, 21, 2, 'San Bartolomé Jocotenango', '1417', 71358);
INSERT INTO Municipio(id_municipio, id_departamento, id_area_geo, nombre_municipio, codigo_municipio, poblacion_estimada) VALUES (322, 21, 3, 'Canillá', '1418', 48478);
INSERT INTO Municipio(id_municipio, id_departamento, id_area_geo, nombre_municipio, codigo_municipio, poblacion_estimada) VALUES (323, 21, 2, 'Chicamán', '1419', 99876);
INSERT INTO Municipio(id_municipio, id_departamento, id_area_geo, nombre_municipio, codigo_municipio, poblacion_estimada) VALUES (324, 21, 3, 'Ixcán', '1420', 69643);
INSERT INTO Municipio(id_municipio, id_departamento, id_area_geo, nombre_municipio, codigo_municipio, poblacion_estimada) VALUES (325, 21, 2, 'Pachalum', '1421', 46114);
INSERT INTO Municipio(id_municipio, id_departamento, id_area_geo, nombre_municipio, codigo_municipio, poblacion_estimada) VALUES (326, 22, 1, 'Flores', '1701', 30753);
INSERT INTO Municipio(id_municipio, id_departamento, id_area_geo, nombre_municipio, codigo_municipio, poblacion_estimada) VALUES (327, 22, 2, 'San José', '1702', 33858);
INSERT INTO Municipio(id_municipio, id_departamento, id_area_geo, nombre_municipio, codigo_municipio, poblacion_estimada) VALUES (328, 22, 3, 'San Benito', '1703', 50684);
INSERT INTO Municipio(id_municipio, id_departamento, id_area_geo, nombre_municipio, codigo_municipio, poblacion_estimada) VALUES (329, 22, 2, 'San Andrés', '1704', 58700);
INSERT INTO Municipio(id_municipio, id_departamento, id_area_geo, nombre_municipio, codigo_municipio, poblacion_estimada) VALUES (330, 22, 3, 'La Libertad', '1705', 55020);
INSERT INTO Municipio(id_municipio, id_departamento, id_area_geo, nombre_municipio, codigo_municipio, poblacion_estimada) VALUES (331, 22, 1, 'San Francisco', '1706', 25234);
INSERT INTO Municipio(id_municipio, id_departamento, id_area_geo, nombre_municipio, codigo_municipio, poblacion_estimada) VALUES (332, 22, 2, 'Santa Ana', '1707', 79261);
INSERT INTO Municipio(id_municipio, id_departamento, id_area_geo, nombre_municipio, codigo_municipio, poblacion_estimada) VALUES (333, 22, 3, 'Dolores', '1708', 21722);
INSERT INTO Municipio(id_municipio, id_departamento, id_area_geo, nombre_municipio, codigo_municipio, poblacion_estimada) VALUES (334, 22, 2, 'San Luis', '1709', 40078);
INSERT INTO Municipio(id_municipio, id_departamento, id_area_geo, nombre_municipio, codigo_municipio, poblacion_estimada) VALUES (335, 22, 2, 'Sayaxché', '1710', 20446);
INSERT INTO Municipio(id_municipio, id_departamento, id_area_geo, nombre_municipio, codigo_municipio, poblacion_estimada) VALUES (336, 22, 2, 'Melchor de Mencos', '1711', 39924);
INSERT INTO Municipio(id_municipio, id_departamento, id_area_geo, nombre_municipio, codigo_municipio, poblacion_estimada) VALUES (337, 22, 2, 'Poptún', '1712', 39553);
INSERT INTO Municipio(id_municipio, id_departamento, id_area_geo, nombre_municipio, codigo_municipio, poblacion_estimada) VALUES (338, 22, 1, 'Las Cruces', '1713', 76449);
INSERT INTO Municipio(id_municipio, id_departamento, id_area_geo, nombre_municipio, codigo_municipio, poblacion_estimada) VALUES (339, 22, 3, 'El Chal', '1714', 40150);
COMMIT;